Name,Term,ES,NES,NOM p-val,FDR q-val,FWER p-val,Tag %,Gene %,Lead_genes
gsea,Complement,0.6916967300098525,2.4677306556849983,1.000000e-03,2.635572e-03,2.000000e-03,102/200,10.61%,PLAUR;FN1;TFPI2;CFH;SERPINE1;OLR1;MMP13;GNG2;TIMP2;SERPINA1;ZFPM2;CFB;CPM;DUSP5;DPP4;DUSP6;C3;SERPING1;PDGFB;LCP2;FCN1;C2;ITGAM;TNFAIP3;SH2B3;IRF7;CDA;CTSL;CPQ;F5;COL4A2;EHD1;C1S;GATA3;CTSH;MMP8;PIK3CG;GNGT2;WAS;ZEB1;PIK3R5;CTSO;C1R;ANG;FCER1G;CCL5;MMP12;TIMP1;CA2;PLA2G7;CEBPB;CD59;CXCL1;F10;CASP5;C1QC;DOCK10;CTSS;LRP1;PLAT;FYN;CR1;MMP14;C1QA;F3;PLEK;CD36;CD55;C4BPB;SPOCK2;DOCK4;CASP4;NOTCH4;LCK;CSRP1;GZMK;LTF;S100A9;ANXA5;CASP10;GNB4;PIM1;IL6;IRF1;CD40LG;GZMA;PSMB9;ERAP2;TMPRSS6;CTSB;ADAM9;GNAI2;LAP3;LIPA;CTSD;APOC1;LGMN;MAFF;GZMB;GCA;APOBEC3G;CP
gsea,TNF-alpha Signaling via NF-kB,0.7396767553412019,2.4082358312852703,1.000000e-03,2.635572e-03,4.000000e-03,127/198,13.12%,INHBA;GFPT2;PMEPA1;TNFAIP6;ICAM1;GEM;G0S2;PLAUR;PTPRE;IL7R;CSF2;CCN1;AREG;SERPINE1;CCL2;OLR1;PLAU;BMP2;PLK2;DRAM1;GPR183;TNF;LIF;DUSP5;BCL2A1;IL1B;CXCL2;SLC2A3;IL1A;CXCL3;CCRL2;CD80;CSF1;DUSP4;PTGS2;PTX3;NR4A3;CD69;IL15RA;TNFAIP3;GADD45B;CXCL11;KLF6;IFIT2;BIRC3;EHD1;TNFRSF9;EGR3;ZC3H12A;PHLDA1;KLF10;TLR2;PHLDA2;IER5;CCL5;KLF2;DUSP1;TRIB1;IL6ST;IFIH1;IER3;CEBPB;CXCL1;CXCL10;CCL4;PDE4B;SLC2A6;STAT5A;CCL20;F3;PLEK;SDC4;KLF9;CLCF1;TNC;SIK1;MAP3K8;PANX1;IL6;FOSB;RIPK2;EGR2;SOCS3;SPHK1;IRF1;NFKBIE;NFKB2;GADD45A;FOS;RNF19B;CDKN1A;PTGER4;LITAF;PER1;PPP1R15A;CXCL6;NR4A1;SERPINB8;RELB;PFKFB3;FOSL1;IL18;BHLHE40;MAFF;TAP1;CCND1;TRAF1;PLPP3;LAMB3;MSC;FJX1;EGR1;CFLAR;TSC22D1;B4GALT1;MXD1;TIPARP;ZFP36;RHOB;JUN;JUNB;ZBTB10;HBEGF;TNIP1;CD83;TUBB2A;NR4A2
gsea,Coagulation,0.6889977313453578,2.3875576129177167,1.000000e-03,2.635572e-03,6.000000e-03,73/138,10.90%,ITGB3;TIMP3;CRIP2;FBN1;FN1;TFPI2;PRSS23;THBS1;CTSK;MMP2;CFH;SERPINE1;ACOX2;COMP;OLR1;MMP1;PLAU;SERPINA1;KLF7;CFB;DPP4;MMP3;MMP9;DUSP6;C3;SERPING1;PDGFB;CFI;BMP1;C2;MMP7;SPARC;RAPGEF3;CPQ;HTRA1;C1S;A2M;CTSH;MMP8;PECAM1;CTSO;C1R;ANG;TIMP1;PF4;F10;FGG;LRP1;PLAT;FYN;CTSE;MMP14;FGA;C1QA;MMP10;F3;PLEK;CSRP1;PROC;VWF;TMPRSS6;GNG12;CTSB;RGN;ADAM9;C8B;THBD;APOC1;LGMN;MAFF;MMP11;CAPN2;F11
gsea,Inflammatory Response,0.7765618459176692,2.3781919881983393,1.000000e-03,1.976679e-03,6.000000e-03,123/199,9.06%,INHBA;ITGB3;TNFAIP6;AXL;EREG;HRH1;ICAM1;HAS2;PLAUR;PTGIR;NLRP3;CLEC5A;PTPRE;PTAFR;IL7R;SERPINE1;CCL2;CCL7;SGMS2;PTGER2;OLR1;AQP9;EMP3;ITGA5;C5AR1;FPR1;C3AR1;GPR183;LIF;IRAK2;IL1B;TNFRSF1B;GPR132;RGS16;LCP2;OSM;MEFV;SCARF1;PDPN;MSR1;IL1A;CCRL2;IL1R1;STAB1;IL4R;CSF1;IL10;CYBB;SCN1B;CD69;CSF3;IL15RA;CSF3R;IRF7;CD14;CXCL11;KLF6;APLNR;IL10RA;CMKLR1;PROK2;TNFRSF9;MARCO;PIK3R5;RGS1;TLR2;CCL22;IL2RB;EBI3;BDKRB1;CCL5;SELE;TIMP1;SLC7A2;OSMR;CXCL8;CXCL10;ROS1;PCDH7;RNF144B;ADGRE1;PDE4B;CCL20;MMP14;P2RX7;KCNA3;NOD2;TLR3;CD70;F3;SLC4A4;BST2;CD55;PVR;NDP;IL15;CD48;SLC31A2;LCK;SLAMF1;CCL24;CD82;CXCR6;FFAR2;IL6;RIPK2;SELL;SPHK1;IRF1;LY6E;DCBLD2;IFITM1;CDKN1A;PTGER4;IL18R1;P2RY2;TPBG;CXCL6;CCR7;IL18RAP;CD40;IL18;LTA
gsea,KRAS Signaling Up,0.7063998546021426,2.3606280901075842,1.000000e-03,2.108458e-03,7.000000e-03,111/200,10.37%,INHBA;GFPT2;SPON1;EREG;ADAM8;G0S2;KCNN4;PLAUR;AKAP12;ETS1;GNG11;NRP1;IL7R;CSF2;CFH;ITGBL1;ADGRA2;ADGRL4;ALDH1A3;PLAU;BMP2;C3AR1;LAT2;PRRX1;LIF;RETN;TMEM176A;CFB;WNT7A;IL1B;MMP9;DUSP6;PLEK2;TNFRSF1B;GLRX;FLT4;RGS16;ANKH;CSF2RA;F13A1;HSD11B1;GYPC;PTGS2;SCN1B;TMEM176B;CLEC4A;LAPTM5;TNFAIP3;EPHB2;ITGB2;SEMA3B;PPBP;SERPINA3;ENG;LY96;LCP1;IL10RA;BIRC3;CMKLR1;PRDM1;SCG5;PECAM1;DOCK2;FCER1G;CA2;MMD;TRIB1;IL2RG;TLR8;CPE;ANGPTL4;IRF8;CXCL10;HDAC9;PCP4;GUCY1A1;CTSS;PLAT;PTPRR;CCL20;CXCR4;MMP10;CD37;ALDH1A2;ANO1;ST6GAL1;IKZF1;SNAP25;PLVAP;PDCD1LG2;TSPAN1;ETV1;ABCB1;IL33;HKDC1;ADAMDEC1;DCBLD2;PPP1R15A;TMEM100;TFPI;SOX9;PEG3;MYCN;MALL;ACE;SLPI;NR0B2;TRAF1;PIGR;MMP11;ERO1A
gsea,IL-6/JAK/STAT3 Signaling,0.7652178203572956,2.3068053481814736,1.000000e-03,2.415941e-03,1.000000e-02,49/87,8.36%,ITGB3;TNFRSF12A;CSF2;CCL7;ACVRL1;TNF;CCR1;IL1B;TNFRSF1B;PDGFC;CXCL3;CSF2RA;IL1R1;IL4R;CSF1;IL15RA;CSF3R;FAS;CD14;CXCL11;IL2RA;ITGA4;CSF2RB;A2M;PIK3R5;TLR2;EBI3;IL6ST;OSMR;LTB;IL2RG;CXCL1;PF4;CXCL10;CXCL13;CRLF2;IL12RB1;CD36;IL3RA;MAP3K8;TGFB1;LEPR;PIM1;IL6;SOCS3;IRF1;IL18R1;IL7;IL9R
gsea,Angiogenesis,0.7763034208224787,2.2647836201193337,1.000000e-03,3.953358e-03,1.400000e-02,22/36,10.19%,COL5A2;POSTN;VCAN;KCNJ8;NRP1;OLR1;COL3A1;FSTL1;PDGFA;STC1;SLCO2A1;LUM;LPL;TIMP1;VAV2;SERPINA5;PF4;ITGAV;CXCL6;THBD;S100A4;APOH
gsea,Epithelial Mesenchymal Transition,0.8259686012186546,2.2618442088843853,1.000000e-03,3.788635e-03,1.600000e-02,142/200,8.13%,LOXL2;INHBA;FAP;PMEPA1;NT5E;ITGB3;VEGFC;NNMT;GREM1;COL5A1;COL5A2;TIMP3;PMP22;TGFBI;THY1;TAGLN;FSTL3;GEM;FBLN2;POSTN;NID2;FBN1;PLAUR;CDH11;THBS2;FN1;COL6A3;LRRC15;VCAN;FMOD;GLIPR1;TGM2;TNFRSF12A;COL12A1;PDGFRB;ACTA2;ECM2;TFPI2;THBS1;PCOLCE;FBLN5;MMP2;IL32;COL5A3;CCN1;GAS1;TPM1;AREG;COL8A2;SERPINE1;DAB2;SGCD;FERMT2;COMP;COL1A2;LOX;EFEMP2;MXRA5;MMP1;COL11A1;EMP3;ANPEP;COL3A1;ITGA5;CCN2;CTHRC1;CALD1;COL1A1;COL6A2;COL16A1;NTM;PRRX1;RGS4;DCN;MMP3;LAMC2;LAMA2;TPM2;BASP1;VCAM1;VIM;BMP1;MYL9;MATN3;BGN;FSTL1;ECM1;PTX3;MGP;SLIT3;SPARC;LGALS1;SFRP4;MYLK;TNFAIP3;FAS;GADD45B;ITGB1;ADAM12;CDH6;FOXC2;COL4A2;HTRA1;LUM;WIPF1;COL4A1;LOXL1;SNTB1;MFAP5;ABI3BP;TIMP1;CXCL8;CD59;CXCL1;CXCL12;PRSS2;CRLF1;LRP1;ELN;MMP14;EDIL3;PVR;SDC4;ITGAV;TNC;P3H1;IL15;LAMA3;TNFRSF11B;CAP2;TGFB1;FBLN1;FLNA;IL6;CDH2;PLOD2;SERPINH1;GADD45A;CAPG;IGFBP4;CADM1;SGCB
gsea,Apoptosis,0.5382052299174844,2.2372284053733296,1.000000e-03,4.246200e-03,2.000000e-02,61/160,14.12%,EREG;TIMP3;TNFRSF12A;PDGFRB;DPYD;MMP2;SMAD7;TIMP2;BMP2;TNF;DCN;IL1B;HGF;CAV1;IL1A;ANKH;BGN;TGFB2;PLPPR4;IGFBP6;CD69;F2R;FAS;CD14;GADD45B;BIRC3;LUM;EGR3;GPX3;TIMP1;IER3;PLAT;CASP4;IFITM3;CD2;PRF1;BMF;IL6;IRF1;GADD45A;ISG20;AVPR1A;RARA;CDKN1A;PLCB2;CYLD;IL18;TAP1;CCND1;DNAJC3;IFNGR1;CFLAR;IFNB1;RHOB;JUN;GNA15;CASP1;LGALS3;PEA15;DAP;SLC20A1
gsea,Allograft Rejection,0.7491005823102906,2.1609026809809273,1.000000e-03,7.511381e-03,3.100000e-02,124/200,11.76%,INHBA;EREG;ICAM1;THY1;ETS1;IL11;NLRP3;CCL2;CCL7;FCGR2B;FYB1;TNF;LIF;CCR1;IL1B;MMP9;LCP2;CCL11;CD80;STAB1;CD86;IL4R;CSF1;IL10;NCF4;TGFB2;CD4;C2;STAT4;CCL13;SRGN;F2R;SPI1;FAS;DYRK3;ITGB2;IL16;IRF7;CCR2;LY86;IL2RA;CD28;HLA-DMA;FGR;ELANE;HLA-DMB;HLA-DOA;GPR65;WAS;BCAT1;PTPRC;IFNAR2;TLR2;CCL22;IL2RB;CCL5;HLA-G;TIMP1;HLA-DQA1;CCR5;LTB;IL2RG;IRF8;PF4;CXCL13;HDAC9;IGSF6;CCL4;IL12RB1;CTSS;IRF4;TLR3;CD47;CD1D;CD3E;GCNT1;IL27RA;HLA-DRA;ST8SIA4;CD74;PRKCB;IL15;ITK;CD3D;LCK;CD2;LY75;TGFB1;PRF1;FLNA;IL6;CD3G;RIPK2;ITGAL;CD40LG;GZMA;CD7;CAPG;CXCR3;CD79A;SIT1;CD247;IL7;GBP2;IL18RAP;ACHE;PSMB10;CD40;IL18;CCL19;TAP1;TRAT1;CD8A;B2M;GZMB;CRTAM;IFNGR1;TAP2;TLR1;HLA-E;HLA-A;CD96;TAPBP;WARS1
gsea,TGF-beta Signaling,0.6452268557972509,2.1390387406402596,1.945525e-03,8.146314e-03,3.600000e-02,24/54,14.50%,PMEPA1;THBS1;LTBP2;SMAD7;SERPINE1;BMP2;BCAR3;RAB31;ENG;NOG;KLF10;TGFB1;CDKN1C;SKI;PPP1R15A;BMPR2;ID3;JUNB;NCOR2;SKIL;IFNGR2;SLC20A1;TGFBR1;FURIN
gsea,IL-2/STAT5 Signaling,0.5845434713367174,2.092722228279046,1.000000e-03,1.175026e-02,5.200000e-02,88/198,10.98%,NT5E;ADAM19;TGM2;NRP1;CSF2;PTGER2;BMP2;SPRY4;LIF;COL6A1;PTH1R;TNFRSF1B;CISH;RGS16;SLC2A3;SLC39A8;CD86;IL4R;CSF1;IL10;ECM1;TNFSF11;BATF;CST7;GADD45B;KLF6;TLR7;RHOH;IL2RA;IL1RL1;IL10RA;SHE;CCR4;ITIH5;TNFRSF9;SMPDL3A;ICOS;GLIPR2;GPR65;LRRC8C;PHLDA1;TNFRSF8;PLIN2;FGL2;IL2RB;CA2;LTB;BATF3;IRF8;CXCL10;SERPINB6;IRF4;CTLA4;ST3GAL4;MUC1;TNFRSF4;IL3RA;ITGAV;NFKBIZ;IFITM3;CD48;MAP3K8;MYO1E;ENPP1;SYT11;PIM1;HOPX;SELL;CDKN1C;GBP4;ABCB1;CAPG;IL18R1;GALM;CD79B;PLEC;BMPR2;BHLHE40;APLP1;MAFF;TRAF1;SELP;CTSZ;PLPP1;IFNGR1;PRNP;PNP;MXD1
gsea,Hypoxia,0.5351803739260802,2.0871578809648423,1.244813e-02,1.115050e-02,5.200000e-02,80/199,12.74%,COL5A1;TGFBI;PLAUR;TGFB3;AKAP12;ETS1;TGM2;TMEM45A;CCN1;SERPINE1;CAVIN3;ERRFI1;LOX;CCN2;KLF7;DCN;PDGFB;GLRX;MT1E;SLC2A3;CAV1;MT2A;BGN;TNFAIP3;HAS1;STC1;CCN5;KLF6;KDELR3;P4HA2;PLIN2;DUSP1;IER3;NOCT;AMPD3;ANGPTL4;SLC2A5;FBP1;PAM;CXCR4;CITED2;F3;PRKCA;SDC4;SRPX;DDIT4;PIM1;SELENBP1;IL6;CDKN1C;CAVIN1;ISG20;FOS;SDC2;CDKN1A;PGM1;SDC3;PPP1R15A;TPBG;GPC4;PPP1R3C;PFKFB3;CCNG2;S100A4;BHLHE40;IDS;TPST2;MAFF;PPARGC1A;NDST1;PGF;ERO1A;CP;LXN;TIPARP;HS3ST1;ZFP36;JUN;MYH9;EDN2
gsea,Apical Junction,0.5598779179250056,2.0856503513328786,4.065041e-03,1.063642e-02,5.300000e-02,86/197,13.02%,ICAM1;TGFBI;THY1;FBN1;CDH11;AMIGO2;VCAN;TSPAN4;MMP2;NEXN;FYB1;ACTG2;COL16A1;ADAMTS5;ITGA3;MMP9;LAMC2;CD209;VCAM1;BMP1;CD86;MYL9;CDH15;ICAM2;CERCAM;CLDN14;RAC2;RRAS;ACTN1;SIRPA;ITGA9;CLDN9;CD34;ITGB1;CDH6;PCDH1;ADRA1B;JAM3;FLNC;PECAM1;PTPRC;ARHGEF6;NEGR1;VAV2;CDH3;PARVA;IRS1;PTEN;RSU1;LAMA3;VCL;TNFRSF11B;ICAM5;CADM3;VWF;MSN;ZYX;RHOF;SDC3;CLDN6;CDSN;ADAM9;GNAI2;ALOX15B;VASP;TRAF1;LAMB3;ITGA10;CDH4;NECTIN2;CLDN19;CNN2;CLDN18;ACTA1;SKAP2;SLIT2;B4GALT1;CAP1;COL17A1;ITGA2;SHC1;LIMA1;MYH10;MYH9;CLDN5;THBS3
gsea,Oxidative Phosphorylation,-0.5398157370111978,-2.0671747445040234,3.359684e-02,1.014905e-01,6.666667e-02,134/200,31.73%,NDUFA7;FXN;NDUFS7;ETFB;ACADSB;OPA1;NDUFB5;UQCR11;AFG3L2;AIFM1;COX11;ATP5MC1;GPI;MTRF1;NDUFA9;ATP5ME;DLD;NNT;MRPL34;ALDH6A1;LDHB;POLR2F;IDH1;RHOT1;ATP5MF;SLC25A4;MRPS11;COX5B;COX6A1;MRPS22;TIMM13;LRPPRC;NDUFA5;IDH3A;COX5A;MRPL35;PDHA1;TIMM50;ATP5MC3;ATP5F1D;ACO2;ECI1;CPT1A;COX6C;SLC25A12;MDH1;COX10;NDUFB2;ETFA;COX7B;PDHX;MRPS12;NDUFB7;TIMM8B;NDUFB1;NDUFS2;NDUFA8;SUCLG1;FH;PMPCA;ETFDH;NDUFA6;UQCRFS1;ATP5F1A;TOMM22;MRPL11;ATP5PD;ISCA1;NDUFS3;GOT2;POR;NDUFV1;SUPV3L1;UQCR10;ATP5MG;VDAC3;NDUFB4;HSPA9;NDUFC1;ECH1;NDUFB8;TIMM10;NDUFB6;SDHD;HSD17B10;NDUFA2;ATP1B1;NDUFA1;NDUFS8;ATP5PO;ATP6V1F;COX6B1;SUCLA2;COX8A;NDUFAB1;SURF1;TOMM70;NDUFC2;MTX2;MDH2;COX15;SLC25A11;HTRA2;ATP6V0C;IMMT;ACAT1;NDUFS1;UQCRH;PHB2;CS;BCKDHA;UQCRC1;NDUFV2;CYC1;HCCS;UQCRB;RHOT2;CYCS;COX17;SLC25A5;COX4I1;UQCRQ;ATP5MC2;ATP5F1B;IDH3B;NDUFS4;SDHA;ATP5PF;COX7C;ABCB7;TIMM9;NDUFB3;GRPEL1;COX7A2L
gsea,Interferon Gamma Response,0.7036889724602979,2.030525855363516,2.024291e-03,1.616484e-02,7.900000e-02,113/197,11.76%,TNFAIP6;ICAM1;CFH;SSPN;CCL2;CCL7;EPSTI1;FPR1;CFB;SERPING1;LATS2;LCP2;VCAM1;CD86;IL4R;MT2A;PTGS2;STAT4;CD69;IL15RA;TNFAIP3;FAS;IRF7;IFITM2;CXCL11;OASL;IFIT2;IL10RA;FCGR1A;CMKLR1;HLA-DMA;CSF2RB;C1S;IFIT3;ST3GAL5;RSAD2;C1R;IFNAR2;SAMD9L;FGL2;SP110;IL2RB;CCL5;BATF2;HLA-G;IFI44;HELZ2;HLA-DQA1;ZBP1;IFIH1;UPP1;IFIT1;IFI44L;IRF8;CXCL10;CIITA;IRF4;PDE4B;HLA-DRB1;ITGB7;SAMHD1;BST2;VAMP5;CMPK2;CASP4;DDX60;ST8SIA4;P2RY14;SLAMF7;CD74;IFITM3;IL15;EIF4E3;APOL6;ISG15;MVP;PIM1;IL6;RIPK2;SOCS3;XAF1;IRF1;GBP4;MARCHF1;ISG20;GZMA;LY6E;PSMB9;CDKN1A;HLA-B;IL18BP;OAS2;IL7;NOD1;IFI30;PSMB10;CD40;LAP3;TAP1;IFI27;B2M;SELP;HERC6;SECTM1;IDO1;PNP;HLA-A;OAS3;ZNFX1;PARP12;TAPBP;PML;WARS1
gsea,E2F Targets,-0.6786934079450879,-2.014584577868004,8.048290e-03,7.935331e-02,8.686869e-02,160/200,26.19%,POLA2;EZH2;SHMT1;SPC24;CDC25A;KIF18B;SPAG5;BRCA1;HELLS;CENPM;ESPL1;ORC6;CHEK2;CDCA3;PSMC3IP;BRCA2;RNASEH2A;GINS3;SUV39H1;MMS22L;SPC25;RAD51C;TFRC;BUB1B;POLE;AURKB;CENPE;GINS1;ASF1B;TIMELESS;MSH2;SMC4;CIT;RAD51AP1;BIRC5;MXD3;ORC2;PSIP1;UBE2T;PLK4;SMC6;MAD2L1;KIF22;LUC7L3;PAN2;ASF1A;KIF4A;BARD1;CCNB2;TIPIN;ING3;WDR90;TOP2A;LMNB1;MCM2;GINS4;PMS2;CDKN3;TRA2B;PLK1;DDX39A;XPO1;H2AX;CDKN2C;DEPDC1;UNG;CDK1;TMPO;DSCC1;E2F8;MELK;RBBP7;DONSON;MCM7;NUP205;TACC3;UBE2S;RFC3;RPA1;CDCA8;STMN1;NME1;PPM1D;TK1;RRM2;PTTG1;WEE1;MCM4;PAICS;KPNA2;DCTPP1;LIG1;CCNE1;MCM5;HMGB2;CHEK1;DNMT1;MKI67;LBR;RANBP1;CKS2;MCM3;NCAPD2;ANP32E;H2AZ1;POP7;DUT;AURKA;RFC2;PNN;TUBG1;PRIM2;DCK;RACGAP1;MTHFD2;CKS1B;MYBL2;RAD50;MRE11;MYC;MCM6;ILF3;TCF19;STAG1;SMC1A;HMMR;TBRG4;NAA38;POLD3;SRSF2;POLD2;KIF2C;EXOSC8;DIAPH3;NOP56;NUP107;HMGB3;ATAD2;HMGA1;SRSF1;CDK4;PHF5A;DEK;DLGAP5;JPT1;UBR7;HNRNPD;PCNA;TRIP13;NUP153;ZW10;POLD1;NASP;PA2G4;SYNCRIP;CTPS1;SLBP;CSE1L;BRMS1L;CDC20
gsea,Myc Targets V2,-0.6595357313712283,-1.955397802244492,1.467505e-02,8.400780e-02,1.222222e-01,44/57,26.30%,TMEM97;PPAN;NDUFAF4;PLK4;SLC29A2;SORD;LAS1L;HSPE1;NOP2;PUS1;PLK1;PRMT3;UNG;MCM4;DCTPP1;HK2;MCM5;RABEPK;NOP16;TFB2M;MPHOSPH10;RCL1;WDR74;MYC;FARSA;IMP4;WDR43;HSPD1;TBRG4;IPO4;AIMP2;EXOSC5;NOP56;MYBBP1A;SUPV3L1;CDK4;PES1;RRP9;TCOF1;DDX18;UTP20;PA2G4;GNL3;BYSL
gsea,Myogenesis,0.5024313153140019,1.9233949209577144,9.708738e-03,3.105034e-02,1.330000e-01,84/198,15.61%,TAGLN;COL15A1;COL6A3;KIFC3;GJA5;SSPN;SGCD;AEBP1;COL3A1;SOD3;COL1A1;COL6A2;MEF2C;MRAS;LAMA2;TPM2;COX7A1;PDLIM7;DENND2B;BDKRB2;SPARC;MYLK;IGFBP7;GADD45B;APLNR;ITGB1;ADAM12;COL4A2;SORBS1;HSPB8;MYBPH;MYL4;GPX3;PTGIS;SMTN;LSP1;DES;CNN3;SPDEF;CACNA1H;PDE4DIP;SGCA;CD36;CHRNB1;CHRNA1;TGFB1;FABP3;BIN1;SPHK1;NAV2;AGRN;FHL1;CDKN1A;DMD;IGF1;PTP4A3;CKM;PPP1R3C;ACHE;BHLHE40;AK1;MYL3;TNNT1;ACTA1;PRNP;MYH1;CKMT2;TNNC1;TNNI2;MYH9;HBEGF;CDH13;ITGA7;SLN;ACTC1;CASQ2;MYH4;OCEL1;APOD;HSPB2;MYO1C;ITGB5;APP;CAV3
gsea,G2-M Checkpoint,-0.6193814802393041,-1.912972848752702,1.646091e-02,8.361047e-02,1.535354e-01,126/198,22.17%,POLA2;EZH2;POLQ;CDC25A;CHAF1A;LIG3;RPS6KA5;TRAIP;TROAP;PRC1;ESPL1;E2F2;ORC6;KIF15;BRCA2;SUV39H1;CENPF;KNL1;GINS2;RAD54L;EXO1;NDC80;CENPA;CDC6;PBK;POLE;CDC45;FANCC;AURKB;CENPE;CDC7;DBF4;E2F1;KMT5A;SMC4;BUB1;EGF;BIRC5;RBL1;PLK4;ODC1;KIF23;MAD2L1;SMC2;KIF22;TTK;KIF4A;BARD1;CCNB2;TOP2A;NEK2;KIF11;LMNB1;MCM2;ORC5;SNRPD1;CDKN3;TRA2B;CCNA2;CBX1;STIL;PLK1;DDX39A;UCK2;DKC1;XPO1;H2AX;CDKN2C;NUSAP1;CDK1;TMPO;NSD2;TNPO2;TACC3;UBE2S;HIRA;INCENP;CASP8AP2;STMN1;FBXO5;PTTG1;SMAD3;TPX2;KPNA2;UPF1;CCNF;MCM5;CHEK1;PTTG3P;MKI67;LBR;RBM14;CKS2;MCM3;H2AZ1;AURKA;PRIM2;RACGAP1;CKS1B;MYBL2;ODF2;MYC;MCM6;ILF3;SAP30;STAG1;SMC1A;HMMR;FOXN3;MNAT1;UBE2C;CCNT1;NUP50;SRSF2;CUL1;KIF2C;HMGB3;YTHDC1;HMGA1;SRSF1;CDK4;ATF5;ATRX;JPT1;EWSR1;SMARCC1
gsea,UV Response Dn,0.5916246913235007,1.9009648407284738,6.224066e-03,3.426244e-02,1.480000e-01,54/143,9.92%,ITGB3;FHL2;COL5A2;PMP22;HAS2;PDGFRB;INPP4B;NRP1;FBLN5;DLC1;CCN1;SMAD7;TGFBR2;SERPINE1;DAB2;COL1A2;COL11A1;COL3A1;COL1A1;APBB2;RGS4;PTPRM;MT1E;SYNE1;CAV1;PTPN21;EFEMP1;MMP16;GRK5;DUSP1;VAV2;PTGFR;LTBP1;CELF2;IRS1;FYN;SYNJ2;CITED2;PIK3CD;RBPMS;F3;PRKCA;PTEN;GCNT1;CAP2;SDC2;DDAH1;MGLL;TFPI;ICA1;BHLHE40;ATXN1;ADGRL2;PLPP3
gsea,Interferon Alpha Response,0.7032208930451475,1.8652236927151062,1.836735e-02,4.202274e-02,1.800000e-01,57/97,14.05%,EPSTI1;TENT5A;CCRL2;IL4R;CSF1;IRF7;IFITM2;CXCL11;OASL;IFIT2;C1S;IFIT3;RSAD2;SAMD9L;SP110;BATF2;IFI44;HELZ2;IFIH1;IFI44L;CXCL10;CD47;BST2;UBA7;CMPK2;DDX60;CD74;IFITM3;IL15;ISG15;NCOA7;TRIM5;RIPK2;SELL;IRF1;GBP4;ISG20;LY6E;PSMB9;IFITM1;IL7;IFI30;GBP2;PROCR;HLA-C;LAP3;SAMD9;TAP1;IFI27;B2M;HERC6;PARP12;WARS1;CASP1;PSMB8;TMEM140;USP18
gsea,DNA Repair,-0.4428889372808337,-1.8208772798817316,7.228916e-02,1.144322e-01,2.101010e-01,67/148,25.14%,POLA2;VPS37D;RFC4;UPF3B;CCNO;RAD51;TYMS;RFC5;UMPS;RAD52;POLR2H;POLA1;POLR2I;POLR1C;POLR2D;SAC3D1;PRIM1;GTF3C5;SNAPC4;MPC2;NCBP2;SNAPC5;RFC3;FEN1;NME1;DGCR8;ALYREF;NT5C;POLR2F;DDB2;CSTF3;ZWINT;NELFCD;LIG1;POM121;POLR2J;TARBP2;SMAD5;AGO4;DUT;POLR1D;RFC2;ERCC3;ERCC4;RAE1;HPRT1;AAAS;DGUOK;RNMT;POLD3;USP11;POLR3C;ERCC8;POLH;ZNF707;NFX1;NME4;PCNA;POLR2E;NUDT9;TAF1C;POLD1;MRPL40;BRF2;SURF1;GTF2A2;GTF2F1
gsea,Myc Targets V1,-0.5305636441402125,-1.7438616963940072,6.490872e-02,1.405428e-01,2.686869e-01,127/199,34.02%,RFC4;CDC45;TYMS;IFRD1;ORC2;ODC1;MAD2L1;EXOSC7;MCM2;SNRPD1;HSPE1;TRA2B;CCNA2;XPO1;NCBP2;MCM7;LSM7;NME1;MCM4;KPNA2;RRM1;MCM5;XPOT;NOP16;RPS10;RANBP1;SNRPG;TXNL4A;C1QBP;H2AZ1;COX5A;DUT;SNRPD3;SNRPA1;SNRPA;HDDC2;NCBP1;SRPK1;SSB;STARD7;MYC;HDAC2;MCM6;FBL;CDK2;HPRT1;CSTF2;MRPL23;POLE3;SSBP1;HSPD1;HNRNPA3;CLNS1A;SRSF2;ACP1;PRPS2;PSMD3;UBA2;AIMP2;POLD2;CUL1;CAD;NOP56;GOT2;EIF4E;SRSF1;CDK4;VDAC3;SET;COPS5;DEK;PSMA4;SMARCC1;EIF1AX;RRP9;HNRNPD;SRSF7;PCNA;PPM1G;NHP2;RNPS1;NDUFAB1;EIF4A1;DDX18;TOMM70;PA2G4;SYNCRIP;KPNB1;CCT7;CCT4;CTPS1;GNL3;TFDP1;HNRNPU;CDC20;TARDBP;SRSF3;PHB2;ILF2;PSMA2;CYC1;EIF3J;HNRNPA2B1;PSMB3;VBP1;PSMA1;HNRNPR;PSMD14;HNRNPA1;PCBP1;TUFM;IARS1;MRPL9;HNRNPC;SNRPD2;GLO1;RAD23B;RSL1D1;XRCC6;RPL6;CCT3;G3BP1;UBE2L3;ERH;PWP1;CNBP;EPRS1
gsea,Estrogen Response Early,0.43908690897984454,1.7030582957162894,4.038462e-02,9.640646e-02,3.170000e-01,68/198,12.90%,FHL2;OLFML3;TGM2;PRSS23;DLC1;AREG;PDLIM3;SLC24A3;CISH;ALDH3B1;RAB31;CLIC3;PAPSS2;SEC14L2;RPS6KA2;SEMA3B;CCN5;PGR;SYT12;KCNK5;OPN3;PODXL;EGR3;HSPB8;KLF10;MLPH;CYP26B1;SLC7A2;NBL1;IL6ST;FOXC1;CXCL12;TMPRSS3;PTGES;MICB;RHOBTB3;FCMR;MUC1;SH3BP5;NRIP1;MYOF;NAV2;RET;SLC1A1;RARA;AQP3;FOS;WWC1;THSD4;ABCA3;IGFBP4;RAB17;P2RY2;TPBG;RHOD;FKBP5;BHLHE40;CCND1;GFRA1;B4GALT1;TIPARP;ARL3;FLNB;ENDOD1;GAB2;JAK2;XBP1;NCOR2
gsea,Estrogen Response Late,0.39442974009196613,1.6259006154114328,4.618474e-02,1.301314e-01,3.870000e-01,58/197,9.83%,TFPI2;PRSS23;AREG;ACOX2;PDLIM3;SERPINA1;SLC24A3;LAMC2;CISH;CAV1;ALDH3B1;RAB31;CLIC3;PAPSS2;BATF;RPS6KA2;SEMA3B;CCN5;PGR;SERPINA3;KCNK5;OPN3;EGR3;HSPB8;PTGER3;CYP26B1;CA2;NBL1;IL6ST;SERPINA5;CPE;FOXC1;CXCL12;TMPRSS3;DNAJC12;PCP4;PTGES;MICB;GPER1;GALE;TPSAB1;NRIP1;LTF;S100A9;MYOF;RET;ISG20;FOS;JAK1;ABCA3;IGFBP4;SNX10;DNAJC1;TPBG;FKBP5;PRLR;CCND1;TH
gsea,Fatty Acid Metabolism,-0.36029174806204056,-1.6224696160758738,9.356725e-02,2.014241e-01,3.656566e-01,70/157,26.41%,ADH7;ALDH1A1;ACSS1;ALDH3A1;ALDH3A2;ME1;CBR3;CBR1;ADSL;CEL;SLC22A5;GCDH;D2HGDH;KMT5A;UGDH;EHHADH;ADH1C;ODC1;MAOA;ACAT2;MLYCD;HSD17B7;GPD2;GSTZ1;ENO3;EPHX1;HIBCH;METAP1;HMGCS1;HADH;DLD;CPOX;ECI2;IDH1;BCKDHB;AADAT;NTHL1;PTS;H2AZ1;PDHA1;SMS;ACO2;ECI1;CPT1A;MDH1;NCAPH2;PPARA;SUCLG1;FH;ETFDH;BPHL;ALDH9A1;CRAT;NSDHL;HSPH1;ECH1;SDHD;ADIPOR2;HSD17B10;CYP4A22;PRDX6;SUCLA2;HMGCS2;UROS;ALAD;MDH2;FASN;ACOT8;MIF;ALDOA
gsea,Androgen Response,0.4044283481027416,1.5822826013721976,8.906883e-02,1.472155e-01,4.170000e-01,39/100,17.57%,PMEPA1;AKAP12;INPP4B;ALDH1A3;PTPN21;ANKH;IQGAP2;ACTN1;STEAP4;GUCY1A1;SPDEF;SEC24D;ITGAV;MAF;FKBP5;ELL2;SPCS3;BMPR1B;CCND1;AZGP1;B2M;LIFR;PLPP1;DNAJB9;TMPRSS2;TSC22D1;B4GALT1;MYL12A;PTK2B;ZBTB10;UBE2J1;HOMER2;CCND3;PGM3;TNFAIP8;TMEM50A;CDK6;ZMIZ1;PDLIM5
gsea,Apical Surface,0.44447493239009034,1.4974397422030945,7.984032e-02,1.893419e-01,4.920000e-01,13/44,9.15%,THY1;PLAUR;GAS1;AFAP1L2;GATA3;IL2RB;SULF2;IL2RG;SRPX;DCBLD2;EFNA5;NTNG1;SCUBE1
gsea,Spermatogenesis,-0.3673726252569241,-1.4554646251951306,7.692308e-02,3.082178e-01,5.252525e-01,34/133,12.70%,STRBP;PIAS2;EZH2;GSTM3;CCT6B;NCAPH;RFC4;CLGN;POMC;DBF4;PHF7;BUB1;HSPA4L;GMCL1;TOPBP1;DMC1;TTK;CCNB2;RPL39L;NEK2;BRAF;CDKN3;TALDO1;COIL;DCC;PHKG2;SNAP91;CDK1;ACRV1;ALOX15;PCSK4;DMRT1;YBX2;PGS1
gsea,Pperoxisome,-0.332347249925076,-1.4484785506666475,1.082164e-01,2.794205e-01,5.282828e-01,40/103,28.17%,ABCC5;CACNA1B;ALDH1A1;PEX11A;CEL;MSH2;SLC27A2;EHHADH;MLYCD;TOP2A;NUDT19;HSD11B2;CLN6;ECI2;IDH1;SLC25A4;ERCC3;PRDX1;FDPS;SOD1;ESR2;NR1I2;HRAS;ISOC1;ALDH9A1;CRAT;PEX6;PEX5;ECH1;SMARCC1;PEX11B;ABCB9;ABCC8;SLC25A17;CTPS1;ACOT8;SLC25A19;IDE;UGT2B17;VPS4B
gsea,Xenobiotic Metabolism,0.3340929154128262,1.4361252946434635,1.120163e-01,2.226486e-01,5.590000e-01,50/199,9.70%,SERPINE1;ACOX2;AQP9;MAN1A1;CFB;SLC12A4;ENPEP;TDO2;IL1R1;MT2A;HSD11B1;TGFB2;PAPSS2;TMEM176B;FAS;CDA;ESR1;AOX1;BCAT1;CA2;ATOH8;XDH;UPP1;IRF8;F10;PINK1;SERTAD1;PTGES;FBP1;PDK4;VNN1;CD36;CYP27A1;HSD17B2;SLC46A3;APOE;CYP17A1;LPIN2;GCKR;FBLN1;LCAT;DHRS7;IGFBP4;IGF1;CDO1;PTGDS;PSMB10;EPHA2;TPST1;DDAH2
gsea,mTORC1 Signaling,-0.36489640679339597,-1.4288788557194967,1.884921e-01,2.672129e-01,5.444444e-01,90/199,26.41%,GCLC;TM7SF2;CDC25A;TMEM97;PSAT1;ME1;ASNS;RIT1;PHGDH;FDXR;ELOVL6;GSR;TFRC;TXNRD1;IFRD1;BUB1;SLC7A11;G6PD;SORD;GMPS;MCM2;HSPE1;GLA;DDIT3;ATP5MC1;PLK1;GPI;DHFR;DDX39A;SLC1A4;HMGCS1;UNG;PDK1;DHCR7;NUP205;NUFIP1;RPA1;ABCF2;RRM2;IDH1;EBP;MCM4;HK2;CCNF;PNO1;CACYBP;ACACA;CD9;INSIG1;AURKA;SLC37A4;TUBG1;MTHFD2;NAMPT;PSPH;PRDX1;HPRT1;HMBS;HMGCR;HSPD1;SC5D;EEF1E1;NFKBIB;MTHFD2L;UCHL5;CYP51A1;COPS5;HSPA9;PSME3;GOT1;PSMA4;ADIPOR2;PSMD12;RRP9;SHMT2;TBK1;STARD4;ADD3;ACLY;GSK3B;PSMC2;PDAP1;TOMM40;SLC2A1;VLDLR;AK4;SQSTM1;IMMT;MLLT11;ALDOA
gsea,Adipogenesis,0.3202686948492922,1.425431850691462,1.595092e-01,2.202350e-01,5.700000e-01,44/200,10.87%,LAMA4;COL15A1;PHLDB1;SSPN;RETN;OMD;C3;MYLK;ENPP2;FZD4;SORBS1;LPL;ITIH5;COL4A1;HSPB8;PTGER3;PLIN2;GPX3;ORM1;ANGPTL4;CD302;STAT5A;ITSN1;SNCG;CD36;FABP4;APOE;ACAA2;DNAJC15;DHRS7;CD151;GADD45A;CAVIN1;PGM1;SQOR;MGLL;PFKFB3;CCNG2;LTC4S;ANGPT1;LIFR;CYP4B1;IFNGR1;DNAJB9
gsea,Reactive Oxygen Species Pathway,-0.3771737500363365,-1.3648934397323238,1.941748e-01,2.922109e-01,6.080808e-01,20/48,23.19%,GCLC;GCLM;ABCC1;GSR;TXNRD1;G6PD;NQO1;SRXN1;PRDX2;HHEX;TXN;GLRX2;PRDX1;SOD1;NDUFS2;NDUFA6;SCAF4;NDUFB4;CDKN2D;PRDX6
gsea,Notch Signaling,0.4211727607664371,1.3388463326914366,1.909449e-01,2.723600e-01,6.390000e-01,12/32,14.81%,WNT2;HEYL;ARRB1;PRKCA;MAML2;FZD1;DTX4;ST3GAL6;CCND1;TCF7L2;DTX1;NOTCH2
gsea,UV Response Up,0.28586156975008176,1.3257109328168346,1.673152e-01,2.707544e-01,6.440000e-01,45/157,14.75%,ICAM1;PDLIM3;BMP2;CXCL2;RRAD;GPX3;CA2;IL6ST;CCK;HLA-F;MMP14;RAB27A;PLCL1;FGF18;C4BPB;GLS;HTR7;CYB5R1;IL6;NPTX2;FOSB;CDKN1C;IRF1;ABCB1;RET;AQP3;FOS;CDKN2B;CDO1;NR4A1;MGAT1;TAP1;SELENOW;DLG4;SLC6A12;TUBA4A;RHOB;JUNB;HSPA13;FMO1;NTRK3;FURIN;CCND3;BAK1;ARRB2
gsea,Mitotic Spindle,-0.3897748447477588,-1.3206401962368504,2.699387e-01,3.014631e-01,6.474747e-01,76/198,21.57%,WASF1;PRC1;ESPL1;KIF15;CDK5RAP2;BRCA2;PIF1;CENPF;NDC80;TUBD1;DLG1;KNTC1;CENPE;CEP131;ECT2;SASS6;CEP192;CDC42EP2;CNTRL;SMC4;BUB1;BIRC5;KIF23;ALMS1;KIF22;TTK;KIF4A;CEP250;CCNB2;GEMIN4;TOP2A;NEK2;KIF11;LMNB1;SAC3D1;SHROOM2;PLK1;OPHN1;NF1;TUBGCP5;NUSAP1;CDK1;TBCD;ARHGAP27;TSC1;DYNLL2;CEP72;INCENP;FBXO5;MID1;ARHGEF11;TPX2;LRPPRC;RAPGEF5;AURKA;RACGAP1;TUBGCP6;RABGAP1;CLASP1;CKAP5;KLC1;SMC1A;RAPGEF6;EPB41;PCNT;ALS2;APC;CNTROB;KIF2C;NCK1;KIF3C;MID1IP1;SSH2;SOS1;HDAC6;DLGAP5
gsea,p53 Pathway,0.30372282013667334,1.2770412430536588,2.342159e-01,2.976732e-01,6.790000e-01,56/199,14.95%,VDR;PTPRE;PLK3;BMP2;PLK2;DRAM1;LIF;RGS16;IL1A;PDGFA;F2R;FAS;RRAD;ZNF365;IER5;IER3;KIF13B;UPP1;TGFA;PITPNC1;TGFB1;CD82;DDIT4;SPHK1;RPS27L;GADD45A;FOS;RNF19B;CDKN1A;STEAP3;CDKN2B;IFI30;PPP1R15A;PROCR;ALOX15B;EPHA2;S100A4;CTSD;AK1;TAP1;ZBTB16;SERTAD3;TSC22D1;MXD1;SLC35D1;JUN;PHLDA3;HBEGF;CDH13;CASP1;VWA5A;TCN2;IRAG2;CCND3;BAK1;NHLH2
gsea,Hedgehog Signaling,0.40834421848737673,1.1805080217792883,2.911647e-01,3.623912e-01,7.590000e-01,8/36,8.79%,UNC5C;THY1;NRP1;NRP2;L1CAM;DPYSL2;RTN1;ACHE
gsea,Unfolded Protein Response,-0.2887828612841272,-1.1774605498144692,3.187251e-01,3.983646e-01,7.404040e-01,39/112,24.43%,PSAT1;ASNS;EXOSC2;CEBPG;DNAJA4;GEMIN4;SLC1A4;CHAC1;DKC1;H2AX;LSM4;EIF2AK3;DDX10;CNOT4;IMP3;NFYB;XPOT;STC2;MTHFD2;CKS1B;EIF4A2;CXXC1;EXOSC9;KHSRP;EIF4EBP1;EIF4A3;EXOSC5;NOP56;EIF4G1;EIF4E;LSM1;HSPA9;TATDN2;RRP9;FUS;TSPYL2;NHP2;EXOSC4;EIF4A1
gsea,Pancreas Beta Cells,0.3696174684206765,1.1553312012549515,2.882704e-01,3.708432e-01,7.780000e-01,11/40,16.46%,VDR;DPP4;FOXA2;LMO2;STXBP1;PCSK1;PAK3;G6PC2;ISL1;MAFB;NEUROG3
gsea,Glycolysis,0.27042866584756603,1.1282410418570787,3.292181e-01,3.803570e-01,7.960000e-01,41/198,11.03%,NT5E;COL5A1;TGFBI;VCAN;DCN;GLRX;STC1;CLDN9;KDELR3;P4HA2;ANG;IER3;ANGPTL4;SPAG4;CACNA1H;PAM;CXCR4;CITED2;SLC16A3;TGFA;GALE;PYGL;CHPF;ALDH7A1;DDIT4;PLOD2;AGRN;ISG20;SDC2;SDC3;CHST6;TPBG;B3GNT3;GPC4;PLOD1;SOX9;TPST1;GMPPA;ERO1A;B4GALT1;EGLN3
gsea,heme Metabolism,0.23404092909327256,1.0780214349135728,3.524590e-01,4.087262e-01,8.270000e-01,57/199,17.29%,C3;GYPC;NFE2;PDZK1IP1;SLC22A4;P4HA2;MYL4;CA2;AGPAT4;TENT5C;MPP1;CTSE;DAAM1;SLC25A37;ANK1;RNF19A;SLC30A1;TNS1;LPIN2;LMO2;SELENBP1;HBB;OPTN;BMP2K;GYPE;AQP3;ACP5;EPOR;CTSB;ELL2;BCAM;CAST;CLIC2;TAL1;KAT2B;CDR2;BACH1;ENDOD1;LRP10;SIDT2;ACKR1;SYNJ1;HBD;AHSP;TRAK2;CCND3;NEK7;PICALM;NUDT4;RHCE;EPB42;BPGM;SDCBP;MARCHF8;SMOX;MBOAT2;RHD
gsea,KRAS Signaling Dn,-0.26064395197473267,-1.0615697368690742,3.484252e-01,4.788445e-01,8.262626e-01,63/200,23.40%,GAMT;KRT15;KRT13;PKP1;AKR1B10;NR6A1;DTNB;MSH5;SLC30A3;ATP4A;CLDN8;SGK1;EGF;SPTBN2;PRODH;COQ8A;FGFR3;BARD1;IGFBP2;MACROH2A2;CPA2;SLC25A23;STAG3;DCC;SPRR3;TAS2R4;GTF3C5;ATP6V1B1;HSD11B2;MYO15A;MAGIX;ITGB1BP2;RYR1;DLK2;IRS4;SPHK2;KRT4;YBX2;TEX15;GP1BA;GPR19;CACNA1F;SNCB;EPHA5;KRT5;FGF22;MFSD6;TFAP2B;CALCB;NOS1;ALOX12B;CHST2;ASB7;MYOT;NUDT11;CNTFR;PRKN;SHOX2;GPR3;PDK2;PAX3;KMT2D;SMPX
gsea,PI3K/AKT/mTOR  Signaling,-0.24014836381610244,-1.0478896781931466,4.109312e-01,4.595454e-01,8.323232e-01,36/105,27.82%,MAPK10;RIT1;GNGT1;E2F1;ECSIT;DDIT3;FGF17;CDK1;PDK1;PRKAA2;SMAD2;IRAK4;MAP2K6;ACACA;PITX2;PIN1;CDK2;FGF22;HRAS;RPTOR;NCK1;NFKBIB;EIF4E;CDK4;PLCB1;PAK4;MAPKAP1;TBK1;MKNK2;GSK3B;PPP2R1B;SLC2A1;SQSTM1;THEM4;AP2M1;ADCY2
gsea,Bile Acid Metabolism,-0.25389842311712846,-1.0340832792636119,3.952096e-01,4.433824e-01,8.393939e-01,33/111,21.68%,ALDH1A1;ABCA5;GCLM;SLC27A5;FDXR;PEX11A;PEX1;PEX12;SLC27A2;PXMP2;SLCO1A2;LIPE;PEX11G;MLYCD;ABCG8;KLF1;IDH1;PAOX;ABCA4;GNMT;HACL1;SOD1;ALDH8A1;NR1I2;ISOC1;NPC1;PEX26;PEX7;ALDH9A1;PEX6;PFKM;NUDT12;PEX19
gsea,Cholesterol Homeostasis,0.26043868968732786,0.9952143812609898,4.364754e-01,4.686789e-01,8.680000e-01,13/74,9.50%,ANTXR2;PLAUR;TNFRSF12A;ERRFI1;GPX8;SEMA3B;LPL;ANXA5;ETHE1;AVPR1A;CXCL16;LGMN;ANXA13
gsea,Wnt-beta Catenin Signaling,-0.2990119333227056,-0.9629526879304874,4.980392e-01,4.806475e-01,8.929293e-01,13/42,19.22%,SKP2;KAT2A;HEY1;PTCH1;DVL2;FRAT1;ADAM17;MYC;HDAC2;LEF1;NOTCH1;JAG1;CUL1
gsea,Protein Secretion,0.16982985179418023,0.6575893461227275,7.092338e-01,7.837233e-01,9.760000e-01,17/96,18.83%,SSPN;GALC;PAM;SEC24D;STX7;ICA1;STX12;CD63;TSPAN8;CAV2;VAMP3;SEC22B;ABCA1;AP3S1;SEC31A;RER1;TMED10
